request_id,amount_safe_to_pay,affordability_status,recommended_payment_method,payment_plan,earliest_date_for_full_payment,spending_changes_needed,decision_explanation
request_26,15656000.0,affordable_now,full_payment,2025-08-03:15656000,2025-08-03,none,The request is fully affordable immediately. Paying the lump sum of 15656000.00 IDR leaves the available balance comfortably above the required minimum threshold of 24768300.00 IDR.
request_27,6670.0,affordable_now,full_payment,2026-07-05:6670,2026-07-05,none,The request is fully affordable immediately. Paying the lump sum of 6670.00 IDR leaves the available balance comfortably above the required minimum threshold of 20500.00 IDR.
request_28,289.23,affordable_later,wait,2024-08-15:1302.40,2024-08-15,none,Paying the full requested amount of 1302.40 IDR today is not safe. It is highly recommended to wait until 2024-08-15 when incoming cash flows restore the balance safely above the required minimum of 1100.00 IDR.
request_29,51524.0,affordable_now,full_payment,2025-11-04:51524,2025-11-04,none,The request is fully affordable immediately. Paying the lump sum of 51524.00 IDR leaves the available balance comfortably above the required minimum threshold of 28300.00 IDR.
request_30,775.2,not_affordable,not_recommended,none,2026-04-06,none,The requested payment is currently not affordable within the 90-day forecast period without violating the required minimum balance of 900.00 IDR.
request_31,4334064.93,affordable_later,wait,2024-09-15:18164000,2024-09-15,none,Paying the full requested amount of 18164000.00 IDR today is not safe. It is highly recommended to wait until 2024-09-15 when incoming cash flows restore the balance safely above the required minimum of 16588900.00 IDR.
request_32,16787.6,affordable_later,wait,2025-02-15:40018,2025-02-15,none,Paying the full requested amount of 40018.00 IDR today is not safe. It is highly recommended to wait until 2025-02-15 when incoming cash flows restore the balance safely above the required minimum of 35700.00 IDR.
request_33,48575.68,affordable_later,wait,2026-02-15:118000,2026-02-15,none,Paying the full requested amount of 118000.00 IDR today is not safe. It is highly recommended to wait until 2026-02-15 when incoming cash flows restore the balance safely above the required minimum of 102100.00 IDR.
request_34,129400.0,affordable_now,full_payment,2024-12-04:129400,2024-12-04,none,The request is fully affordable immediately. Paying the lump sum of 129400.00 IDR leaves the available balance comfortably above the required minimum threshold of 138500.00 IDR.
request_35,40156.38,affordable_later,wait,2026-01-15:212000,2026-01-15,none,Paying the full requested amount of 212000.00 IDR today is not safe. It is highly recommended to wait until 2026-01-15 when incoming cash flows restore the balance safely above the required minimum of 106400.00 IDR.
request_36,588.71,affordable_later,wait,2026-07-15:3954,2026-07-15,none,Paying the full requested amount of 3954.00 IDR today is not safe. It is highly recommended to wait until 2026-07-15 when incoming cash flows restore the balance safely above the required minimum of 2400.00 IDR.
request_37,4367684.09,not_affordable,not_recommended,none,,none,The requested payment is currently not affordable within the 90-day forecast period without violating the required minimum balance of 17056200.00 IDR.
request_38,202.75,affordable_later,wait,2025-10-15:971.30,2025-10-15,none,Paying the full requested amount of 971.30 IDR today is not safe. It is highly recommended to wait until 2025-10-15 when incoming cash flows restore the balance safely above the required minimum of 400.00 IDR.
request_39,0.0,not_affordable,not_recommended,none,,none,The requested payment is currently not affordable within the 90-day forecast period without violating the required minimum balance of 213400.00 IDR.
request_40,355.73,affordable_later,wait,2024-06-15:1290.30,2024-06-15,none,Paying the full requested amount of 1290.30 IDR today is not safe. It is highly recommended to wait until 2024-06-15 when incoming cash flows restore the balance safely above the required minimum of 1500.00 IDR.
request_41,0.0,not_affordable,not_recommended,none,,none,The requested payment is currently not affordable within the 90-day forecast period without violating the required minimum balance of 25366600.00 IDR.
request_42,52100.0,affordable_now,full_payment,2026-01-05:52100,2026-01-05,none,The request is fully affordable immediately. Paying the lump sum of 52100.00 IDR leaves the available balance comfortably above the required minimum threshold of 113100.00 IDR.
request_43,9928892.09,affordable_later,wait,2024-09-15:43339000,2024-09-15,none,Paying the full requested amount of 43339000.00 IDR today is not safe. It is highly recommended to wait until 2024-09-15 when incoming cash flows restore the balance safely above the required minimum of 21398000.00 IDR.
request_44,43094.18,affordable_later,wait,2025-02-15:95800,2025-02-15,none,Paying the full requested amount of 95800.00 IDR today is not safe. It is highly recommended to wait until 2025-02-15 when incoming cash flows restore the balance safely above the required minimum of 82900.00 IDR.
request_45,4528693.89,affordable_later,wait,2026-07-15:21983000,2026-07-15,none,Paying the full requested amount of 21983000.00 IDR today is not safe. It is highly recommended to wait until 2026-07-15 when incoming cash flows restore the balance safely above the required minimum of 11149800.00 IDR.
request_46,49450.0,not_affordable,not_recommended,none,2024-12-03,none,The requested payment is currently not affordable within the 90-day forecast period without violating the required minimum balance of 84000.00 IDR.
request_47,38114000.0,affordable_now,full_payment,2025-05-05:38114000,2025-05-05,none,The request is fully affordable immediately. Paying the lump sum of 38114000.00 IDR leaves the available balance comfortably above the required minimum threshold of 30049000.00 IDR.
request_48,0.0,not_affordable,not_recommended,none,,none,The requested payment is currently not affordable within the 90-day forecast period without violating the required minimum balance of 71300.00 IDR.
request_49,13333499.2,not_affordable,not_recommended,none,2024-03-15,none,The requested payment is currently not affordable within the 90-day forecast period without violating the required minimum balance of 20275700.00 IDR.
request_50,43900.0,affordable_now,full_payment,2025-08-06:43900,2025-08-06,none,The request is fully affordable immediately. Paying the lump sum of 43900.00 IDR leaves the available balance comfortably above the required minimum threshold of 99700.00 IDR.
request_51,2191000.0,affordable_now,full_payment,2026-01-03:2191000,2026-01-03,none,The request is fully affordable immediately. Paying the lump sum of 2191000.00 IDR leaves the available balance comfortably above the required minimum threshold of 7811000.00 IDR.
request_52,23805.8,affordable_later,wait,2024-06-15:28870,2024-06-15,none,Paying the full requested amount of 28870.00 IDR today is not safe. It is highly recommended to wait until 2024-06-15 when incoming cash flows restore the balance safely above the required minimum of 41500.00 IDR.
request_53,464.03,not_affordable,not_recommended,none,2026-01-15,none,The requested payment is currently not affordable within the 90-day forecast period without violating the required minimum balance of 2100.00 IDR.
request_54,5713.43,not_affordable,not_recommended,none,,none,The requested payment is currently not affordable within the 90-day forecast period without violating the required minimum balance of 37000.00 IDR.
request_55,151826.24,not_affordable,not_recommended,none,2026-06-15,none,The requested payment is currently not affordable within the 90-day forecast period without violating the required minimum balance of 124300.00 IDR.
request_56,632.95,not_affordable,not_recommended,none,2025-02-15,none,The requested payment is currently not affordable within the 90-day forecast period without violating the required minimum balance of 2100.00 IDR.
request_57,15840.02,affordable_later,wait,2026-06-15:61446,2026-06-15,none,Paying the full requested amount of 61446.00 IDR today is not safe. It is highly recommended to wait until 2026-06-15 when incoming cash flows restore the balance safely above the required minimum of 42700.00 IDR.
request_58,16226000.0,affordable_now,full_payment,2024-12-07:16226000,2024-12-07,none,The request is fully affordable immediately. Paying the lump sum of 16226000.00 IDR leaves the available balance comfortably above the required minimum threshold of 14433900.00 IDR.
request_59,140600.0,not_affordable,not_recommended,none,2025-05-04,none,The requested payment is currently not affordable within the 90-day forecast period without violating the required minimum balance of 132600.00 IDR.
request_60,154.34,affordable_later,wait,2026-01-15:199.89,2026-01-15,none,Paying the full requested amount of 199.89 IDR today is not safe. It is highly recommended to wait until 2026-01-15 when incoming cash flows restore the balance safely above the required minimum of 400.00 IDR.
request_61,29062.0,not_affordable,not_recommended,none,2024-03-03,none,The requested payment is currently not affordable within the 90-day forecast period without violating the required minimum balance of 36700.00 IDR.
request_62,404.23,affordable_now,full_payment,2025-08-05:404.23,2025-08-05,none,The request is fully affordable immediately. Paying the lump sum of 404.23 IDR leaves the available balance comfortably above the required minimum threshold of 1300.00 IDR.
request_63,0.0,not_affordable,not_recommended,none,,none,The requested payment is currently not affordable within the 90-day forecast period without violating the required minimum balance of 153500.00 IDR.
request_64,0.0,not_affordable,not_recommended,none,,none,The requested payment is currently not affordable within the 90-day forecast period without violating the required minimum balance of 36100.00 IDR.
request_65,7083.9,not_affordable,not_recommended,none,,none,The requested payment is currently not affordable within the 90-day forecast period without violating the required minimum balance of 15500.00 IDR.
request_66,22200.0,affordable_now,full_payment,2026-04-03:22200,2026-04-03,none,The request is fully affordable immediately. Paying the lump sum of 22200.00 IDR leaves the available balance comfortably above the required minimum threshold of 80700.00 IDR.
request_67,451.84,affordable_later,wait,2024-09-15:2094,2024-09-15,none,Paying the full requested amount of 2094.00 IDR today is not safe. It is highly recommended to wait until 2024-09-15 when incoming cash flows restore the balance safely above the required minimum of 1200.00 IDR.
request_68,1444.92,not_affordable,not_recommended,none,2025-03-15,none,The requested payment is currently not affordable within the 90-day forecast period without violating the required minimum balance of 1500.00 IDR.
request_69,529.1,affordable_now,full_payment,2026-01-04:529.10,2026-01-04,none,The request is fully affordable immediately. Paying the lump sum of 529.10 IDR leaves the available balance comfortably above the required minimum threshold of 700.00 IDR.
request_70,50476.78,affordable_later,wait,2025-02-15:243900,2025-02-15,none,Paying the full requested amount of 243900.00 IDR today is not safe. It is highly recommended to wait until 2025-02-15 when incoming cash flows restore the balance safely above the required minimum of 115000.00 IDR.
request_71,0.0,not_affordable,not_recommended,none,,none,The requested payment is currently not affordable within the 90-day forecast period without violating the required minimum balance of 8884800.00 IDR.
request_72,11330.0,affordable_now,full_payment,2026-07-05:11330,2026-07-05,none,The request is fully affordable immediately. Paying the lump sum of 11330.00 IDR leaves the available balance comfortably above the required minimum threshold of 12200.00 IDR.
request_73,71400.0,affordable_now,full_payment,2023-01-20:71400,2023-01-20,none,The request is fully affordable immediately. Paying the lump sum of 71400.00 IDR leaves the available balance comfortably above the required minimum threshold of 103200.00 IDR.
request_74,5010.0,affordable_now,full_payment,2025-08-04:5010,2025-08-04,none,The request is fully affordable immediately. Paying the lump sum of 5010.00 IDR leaves the available balance comfortably above the required minimum threshold of 21900.00 IDR.
request_75,28270.0,not_affordable,not_recommended,none,2026-04-06,none,The requested payment is currently not affordable within the 90-day forecast period without violating the required minimum balance of 39000.00 IDR.
request_76,717.14,not_affordable,not_recommended,none,,none,The requested payment is currently not affordable within the 90-day forecast period without violating the required minimum balance of 1800.00 IDR.
request_77,60700.0,affordable_now,full_payment,2025-11-05:60700,2025-11-05,none,The request is fully affordable immediately. Paying the lump sum of 60700.00 IDR leaves the available balance comfortably above the required minimum threshold of 82200.00 IDR.
request_78,45955.21,affordable_later,wait,2025-10-15:50200,2025-10-15,none,Paying the full requested amount of 50200.00 IDR today is not safe. It is highly recommended to wait until 2025-10-15 when incoming cash flows restore the balance safely above the required minimum of 55200.00 IDR.
request_79,699.24,not_affordable,not_recommended,none,,none,The requested payment is currently not affordable within the 90-day forecast period without violating the required minimum balance of 1000.00 IDR.
request_80,110008.65,not_affordable,not_recommended,none,,none,The requested payment is currently not affordable within the 90-day forecast period without violating the required minimum balance of 121300.00 IDR.
request_81,2076.0,affordable_now,full_payment,2026-07-03:2076,2026-07-03,none,The request is fully affordable immediately. Paying the lump sum of 2076.00 IDR leaves the available balance comfortably above the required minimum threshold of 1600.00 IDR.
request_82,479.1,affordable_later,wait,2025-02-15:1405.20,2025-02-15,none,Paying the full requested amount of 1405.20 IDR today is not safe. It is highly recommended to wait until 2025-02-15 when incoming cash flows restore the balance safely above the required minimum of 1100.00 IDR.
request_83,11982.06,not_affordable,not_recommended,none,,none,The requested payment is currently not affordable within the 90-day forecast period without violating the required minimum balance of 37800.00 IDR.
request_84,0.0,not_affordable,not_recommended,none,,none,The requested payment is currently not affordable within the 90-day forecast period without violating the required minimum balance of 91300.00 IDR.
request_85,1140703.63,not_affordable,not_recommended,none,2024-04-15,none,The requested payment is currently not affordable within the 90-day forecast period without violating the required minimum balance of 6396300.00 IDR.
request_86,46300.0,affordable_now,full_payment,2025-08-03:46300,2025-08-03,none,The request is fully affordable immediately. Paying the lump sum of 46300.00 IDR leaves the available balance comfortably above the required minimum threshold of 84900.00 IDR.
request_87,16918.22,not_affordable,not_recommended,none,,none,The requested payment is currently not affordable within the 90-day forecast period without violating the required minimum balance of 185900.00 IDR.
request_88,10735.76,not_affordable,not_recommended,none,2024-07-15,none,The requested payment is currently not affordable within the 90-day forecast period without violating the required minimum balance of 25800.00 IDR.
request_89,9392469.64,not_affordable,not_recommended,none,2026-01-15,none,The requested payment is currently not affordable within the 90-day forecast period without violating the required minimum balance of 12534700.00 IDR.
request_90,2560.0,affordable_now,full_payment,2026-07-06:2560,2026-07-06,none,The request is fully affordable immediately. Paying the lump sum of 2560.00 IDR leaves the available balance comfortably above the required minimum threshold of 7600.00 IDR.
request_91,877.57,affordable_later,wait,2024-10-15:1927.20,2024-10-15,none,Paying the full requested amount of 1927.20 IDR today is not safe. It is highly recommended to wait until 2024-10-15 when incoming cash flows restore the balance safely above the required minimum of 2100.00 IDR.
request_92,34034.0,affordable_now,full_payment,2025-02-05:34034,2025-02-05,none,The request is fully affordable immediately. Paying the lump sum of 34034.00 IDR leaves the available balance comfortably above the required minimum threshold of 28100.00 IDR.
request_93,1729.2,affordable_now,full_payment,2026-04-07:1729.20,2026-04-07,none,The request is fully affordable immediately. Paying the lump sum of 1729.20 IDR leaves the available balance comfortably above the required minimum threshold of 1900.00 IDR.
request_94,572.0,affordable_now,full_payment,2024-12-04:572,2024-12-04,none,The request is fully affordable immediately. Paying the lump sum of 572.00 IDR leaves the available balance comfortably above the required minimum threshold of 600.00 IDR.
request_95,52813.61,not_affordable,not_recommended,none,,none,The requested payment is currently not affordable within the 90-day forecast period without violating the required minimum balance of 145500.00 IDR.
request_96,72758.9,not_affordable,not_recommended,none,2026-02-15,none,The requested payment is currently not affordable within the 90-day forecast period without violating the required minimum balance of 56500.00 IDR.
request_97,1599.79,not_affordable,not_recommended,none,2024-04-15,none,The requested payment is currently not affordable within the 90-day forecast period without violating the required minimum balance of 29700.00 IDR.
request_98,0.0,not_affordable,not_recommended,none,,none,The requested payment is currently not affordable within the 90-day forecast period without violating the required minimum balance of 30000.00 IDR.
request_99,17445.42,affordable_later,wait,2026-07-15:18062,2026-07-15,none,Paying the full requested amount of 18062.00 IDR today is not safe. It is highly recommended to wait until 2026-07-15 when incoming cash flows restore the balance safely above the required minimum of 49100.00 IDR.
request_100,26952.23,not_affordable,not_recommended,none,2024-07-15,none,The requested payment is currently not affordable within the 90-day forecast period without violating the required minimum balance of 32500.00 IDR.
request_101,143500.0,affordable_now,full_payment,2025-11-03:143500,2025-11-03,none,The request is fully affordable immediately. Paying the lump sum of 143500.00 IDR leaves the available balance comfortably above the required minimum threshold of 187400.00 IDR.
request_102,1716.0,not_affordable,not_recommended,none,2026-04-05,none,The requested payment is currently not affordable within the 90-day forecast period without violating the required minimum balance of 900.00 IDR.
request_103,22840.67,affordable_later,wait,2024-10-15:368300,2024-10-15,none,Paying the full requested amount of 368300.00 IDR today is not safe. It is highly recommended to wait until 2024-10-15 when incoming cash flows restore the balance safely above the required minimum of 125500.00 IDR.
request_104,17204.0,affordable_now,full_payment,2025-02-04:17204,2025-02-04,none,The request is fully affordable immediately. Paying the lump sum of 17204.00 IDR leaves the available balance comfortably above the required minimum threshold of 24700.00 IDR.
request_105,53500.0,affordable_now,full_payment,2026-06-08:53500,2026-06-08,none,The request is fully affordable immediately. Paying the lump sum of 53500.00 IDR leaves the available balance comfortably above the required minimum threshold of 73900.00 IDR.
request_106,987.92,affordable_later,wait,2024-12-15:2207.70,2024-12-15,none,Paying the full requested amount of 2207.70 IDR today is not safe. It is highly recommended to wait until 2024-12-15 when incoming cash flows restore the balance safely above the required minimum of 1200.00 IDR.
request_107,762.84,not_affordable,not_recommended,none,,none,The requested payment is currently not affordable within the 90-day forecast period without violating the required minimum balance of 1600.00 IDR.
request_108,1717.35,not_affordable,not_recommended,none,,none,The requested payment is currently not affordable within the 90-day forecast period without violating the required minimum balance of 24100.00 IDR.
request_109,716.89,not_affordable,not_recommended,none,2024-04-15,none,The requested payment is currently not affordable within the 90-day forecast period without violating the required minimum balance of 1700.00 IDR.
request_110,22352.0,not_affordable,not_recommended,none,2025-08-06,none,The requested payment is currently not affordable within the 90-day forecast period without violating the required minimum balance of 11200.00 IDR.
request_111,16625000.0,affordable_now,full_payment,2026-04-03:16625000,2026-04-03,none,The request is fully affordable immediately. Paying the lump sum of 16625000.00 IDR leaves the available balance comfortably above the required minimum threshold of 23022800.00 IDR.
request_112,271.7,affordable_now,full_payment,2024-06-05:271.70,2024-06-05,none,The request is fully affordable immediately. Paying the lump sum of 271.70 IDR leaves the available balance comfortably above the required minimum threshold of 500.00 IDR.
request_113,0.0,not_affordable,not_recommended,none,,none,The requested payment is currently not affordable within the 90-day forecast period without violating the required minimum balance of 82300.00 IDR.
request_114,63481.39,affordable_later,wait,2026-01-15:65300,2026-01-15,none,Paying the full requested amount of 65300.00 IDR today is not safe. It is highly recommended to wait until 2026-01-15 when incoming cash flows restore the balance safely above the required minimum of 113400.00 IDR.
request_115,14648.4,affordable_later,wait,2024-11-15:80500,2024-11-15,none,Paying the full requested amount of 80500.00 IDR today is not safe. It is highly recommended to wait until 2024-11-15 when incoming cash flows restore the balance safely above the required minimum of 38800.00 IDR.
request_116,9179.66,not_affordable,not_recommended,none,,none,The requested payment is currently not affordable within the 90-day forecast period without violating the required minimum balance of 80300.00 IDR.
request_117,859.11,affordable_later,wait,2026-07-15:880,2026-07-15,none,Paying the full requested amount of 880.00 IDR today is not safe. It is highly recommended to wait until 2026-07-15 when incoming cash flows restore the balance safely above the required minimum of 1000.00 IDR.
request_118,668.12,not_affordable,not_recommended,none,2025-02-15,none,The requested payment is currently not affordable within the 90-day forecast period without violating the required minimum balance of 600.00 IDR.
request_119,59410.32,not_affordable,not_recommended,none,2025-05-15,none,The requested payment is currently not affordable within the 90-day forecast period without violating the required minimum balance of 151200.00 IDR.
request_120,7714000.0,affordable_now,full_payment,2026-04-06:7714000,2026-04-06,none,The request is fully affordable immediately. Paying the lump sum of 7714000.00 IDR leaves the available balance comfortably above the required minimum threshold of 20050300.00 IDR.
request_121,633.6,affordable_now,full_payment,2024-03-03:633.60,2024-03-03,none,The request is fully affordable immediately. Paying the lump sum of 633.60 IDR leaves the available balance comfortably above the required minimum threshold of 800.00 IDR.
request_122,20558000.0,not_affordable,not_recommended,none,2025-08-05,none,The requested payment is currently not affordable within the 90-day forecast period without violating the required minimum balance of 12588500.00 IDR.
request_123,4076000.0,affordable_now,full_payment,2026-01-07:4076000,2026-01-07,none,The request is fully affordable immediately. Paying the lump sum of 4076000.00 IDR leaves the available balance comfortably above the required minimum threshold of 18091200.00 IDR.
request_124,1608.58,not_affordable,not_recommended,none,2024-07-15,none,The requested payment is currently not affordable within the 90-day forecast period without violating the required minimum balance of 1600.00 IDR.
request_125,0.0,not_affordable,not_recommended,none,,none,The requested payment is currently not affordable within the 90-day forecast period without violating the required minimum balance of 11300.00 IDR.
request_126,159600.0,affordable_now,full_payment,2026-07-03:159600,2026-07-03,none,The request is fully affordable immediately. Paying the lump sum of 159600.00 IDR leaves the available balance comfortably above the required minimum threshold of 129700.00 IDR.
request_127,11180.0,affordable_later,wait,2024-09-15:23980,2024-09-15,none,Paying the full requested amount of 23980.00 IDR today is not safe. It is highly recommended to wait until 2024-09-15 when incoming cash flows restore the balance safely above the required minimum of 41000.00 IDR.
request_128,25168.0,affordable_now,full_payment,2025-02-07:25168,2025-02-07,none,The request is fully affordable immediately. Paying the lump sum of 25168.00 IDR leaves the available balance comfortably above the required minimum threshold of 42600.00 IDR.
request_129,111.57,not_affordable,not_recommended,none,,none,The requested payment is currently not affordable within the 90-day forecast period without violating the required minimum balance of 800.00 IDR.
request_130,500.72,affordable_later,wait,2024-12-15:1978.80,2024-12-15,none,Paying the full requested amount of 1978.80 IDR today is not safe. It is highly recommended to wait until 2024-12-15 when incoming cash flows restore the balance safely above the required minimum of 1400.00 IDR.
request_131,1461.26,not_affordable,not_recommended,none,2025-05-15,none,The requested payment is currently not affordable within the 90-day forecast period without violating the required minimum balance of 1100.00 IDR.
request_132,315.05,affordable_later,wait,2026-01-15:379.86,2026-01-15,none,Paying the full requested amount of 379.86 IDR today is not safe. It is highly recommended to wait until 2026-01-15 when incoming cash flows restore the balance safely above the required minimum of 1100.00 IDR.
request_133,15770000.0,not_affordable,not_recommended,none,2024-03-07,none,The requested payment is currently not affordable within the 90-day forecast period without violating the required minimum balance of 9986200.00 IDR.
request_134,5446486.56,affordable_later,wait,2025-10-15:21831000,2025-10-15,none,Paying the full requested amount of 21831000.00 IDR today is not safe. It is highly recommended to wait until 2025-10-15 when incoming cash flows restore the balance safely above the required minimum of 15902500.00 IDR.
request_135,283.19,affordable_later,wait,2026-07-15:304.80,2026-07-15,none,Paying the full requested amount of 304.80 IDR today is not safe. It is highly recommended to wait until 2026-07-15 when incoming cash flows restore the balance safely above the required minimum of 500.00 IDR.
request_136,528.5,affordable_later,wait,2024-06-15:560.40,2024-06-15,none,Paying the full requested amount of 560.40 IDR today is not safe. It is highly recommended to wait until 2024-06-15 when incoming cash flows restore the balance safely above the required minimum of 1100.00 IDR.
request_137,33425.82,affordable_later,wait,2026-01-15:80100,2026-01-15,none,Paying the full requested amount of 80100.00 IDR today is not safe. It is highly recommended to wait until 2026-01-15 when incoming cash flows restore the balance safely above the required minimum of 71800.00 IDR.
request_138,1009.93,not_affordable,not_recommended,none,2026-04-15,none,The requested payment is currently not affordable within the 90-day forecast period without violating the required minimum balance of 2300.00 IDR.
request_139,2038.65,not_affordable,not_recommended,none,2024-09-15,none,The requested payment is currently not affordable within the 90-day forecast period without violating the required minimum balance of 1500.00 IDR.
request_140,1428.76,not_affordable,not_recommended,none,,none,The requested payment is currently not affordable within the 90-day forecast period without violating the required minimum balance of 21600.00 IDR.
request_141,25500.51,not_affordable,not_recommended,none,,none,The requested payment is currently not affordable within the 90-day forecast period without violating the required minimum balance of 67300.00 IDR.
request_142,1263.6,affordable_now,full_payment,2024-12-05:1263.60,2024-12-05,none,The request is fully affordable immediately. Paying the lump sum of 1263.60 IDR leaves the available balance comfortably above the required minimum threshold of 1700.00 IDR.
request_143,3571.58,affordable_later,wait,2025-07-15:12584,2025-07-15,none,Paying the full requested amount of 12584.00 IDR today is not safe. It is highly recommended to wait until 2025-07-15 when incoming cash flows restore the balance safely above the required minimum of 11300.00 IDR.
request_144,233.34,affordable_now,full_payment,2026-07-04:233.34,2026-07-04,none,The request is fully affordable immediately. Paying the lump sum of 233.34 IDR leaves the available balance comfortably above the required minimum threshold of 600.00 IDR.
request_145,44648.67,not_affordable,not_recommended,none,2024-05-15,none,The requested payment is currently not affordable within the 90-day forecast period without violating the required minimum balance of 155400.00 IDR.
request_146,13161.3,not_affordable,not_recommended,none,,none,The requested payment is currently not affordable within the 90-day forecast period without violating the required minimum balance of 108600.00 IDR.
request_147,477.46,not_affordable,not_recommended,none,2026-04-15,none,The requested payment is currently not affordable within the 90-day forecast period without violating the required minimum balance of 900.00 IDR.
request_148,7127.0,not_affordable,not_recommended,none,2024-08-15,none,The requested payment is currently not affordable within the 90-day forecast period without violating the required minimum balance of 20000.00 IDR.
request_149,22359.66,not_affordable,not_recommended,none,2026-01-15,none,The requested payment is currently not affordable within the 90-day forecast period without violating the required minimum balance of 42100.00 IDR.
request_150,325.09,not_affordable,not_recommended,none,2026-01-15,none,The requested payment is currently not affordable within the 90-day forecast period without violating the required minimum balance of 700.00 IDR.
request_151,26999000.0,affordable_now,full_payment,2024-09-03:26999000,2024-09-03,none,The request is fully affordable immediately. Paying the lump sum of 26999000.00 IDR leaves the available balance comfortably above the required minimum threshold of 31633600.00 IDR.
request_152,11882.05,not_affordable,not_recommended,none,2025-04-15,none,The requested payment is currently not affordable within the 90-day forecast period without violating the required minimum balance of 11900.00 IDR.
request_153,204.72,not_affordable,not_recommended,none,,none,The requested payment is currently not affordable within the 90-day forecast period without violating the required minimum balance of 1400.00 IDR.
request_154,1625.8,not_affordable,not_recommended,none,2024-12-04,none,The requested payment is currently not affordable within the 90-day forecast period without violating the required minimum balance of 1300.00 IDR.
request_155,112500.0,affordable_now,full_payment,2025-05-06:112500,2025-05-06,none,The request is fully affordable immediately. Paying the lump sum of 112500.00 IDR leaves the available balance comfortably above the required minimum threshold of 56300.00 IDR.
request_156,9491.11,affordable_later,wait,2026-06-15:43076,2026-06-15,none,Paying the full requested amount of 43076.00 IDR today is not safe. It is highly recommended to wait until 2026-06-15 when incoming cash flows restore the balance safely above the required minimum of 26900.00 IDR.
request_157,5174319.79,affordable_later,wait,2024-03-15:23503000,2024-03-15,none,Paying the full requested amount of 23503000.00 IDR today is not safe. It is highly recommended to wait until 2024-03-15 when incoming cash flows restore the balance safely above the required minimum of 15714100.00 IDR.
request_158,242600.0,not_affordable,not_recommended,none,2025-08-07,none,The requested payment is currently not affordable within the 90-day forecast period without violating the required minimum balance of 131400.00 IDR.
request_159,13398.0,affordable_now,full_payment,2026-01-04:13398,2026-01-04,none,The request is fully affordable immediately. Paying the lump sum of 13398.00 IDR leaves the available balance comfortably above the required minimum threshold of 8700.00 IDR.
request_160,569.52,not_affordable,not_recommended,none,2024-06-15,none,The requested payment is currently not affordable within the 90-day forecast period without violating the required minimum balance of 1200.00 IDR.
request_161,0.0,not_affordable,not_recommended,none,,none,The requested payment is currently not affordable within the 90-day forecast period without violating the required minimum balance of 23010400.00 IDR.
request_162,1255032.12,not_affordable,not_recommended,none,,none,The requested payment is currently not affordable within the 90-day forecast period without violating the required minimum balance of 24161100.00 IDR.
request_163,12590192.75,not_affordable,not_recommended,none,2024-09-15,none,The requested payment is currently not affordable within the 90-day forecast period without violating the required minimum balance of 26728700.00 IDR.
request_164,27018000.0,not_affordable,not_recommended,none,2025-02-04,none,The requested payment is currently not affordable within the 90-day forecast period without violating the required minimum balance of 29550500.00 IDR.
request_165,80600.0,affordable_now,full_payment,2026-04-06:80600,2026-04-06,none,The request is fully affordable immediately. Paying the lump sum of 80600.00 IDR leaves the available balance comfortably above the required minimum threshold of 95000.00 IDR.
request_166,2907.6,not_affordable,not_recommended,none,2024-12-03,none,The requested payment is currently not affordable within the 90-day forecast period without violating the required minimum balance of 1700.00 IDR.
request_167,43802.0,affordable_now,full_payment,2025-05-05:43802,2025-05-05,none,The request is fully affordable immediately. Paying the lump sum of 43802.00 IDR leaves the available balance comfortably above the required minimum threshold of 31200.00 IDR.
request_168,30444.51,not_affordable,not_recommended,none,2026-02-15,none,The requested payment is currently not affordable within the 90-day forecast period without violating the required minimum balance of 114400.00 IDR.
request_169,0.0,not_affordable,not_recommended,none,,none,The requested payment is currently not affordable within the 90-day forecast period without violating the required minimum balance of 18700.00 IDR.
request_170,33116632.97,not_affordable,not_recommended,none,2025-08-15,none,The requested payment is currently not affordable within the 90-day forecast period without violating the required minimum balance of 24715800.00 IDR.
request_171,33.02,not_affordable,not_recommended,none,,none,The requested payment is currently not affordable within the 90-day forecast period without violating the required minimum balance of 500.00 IDR.
request_172,10200.0,not_affordable,not_recommended,none,2024-06-05,none,The requested payment is currently not affordable within the 90-day forecast period without violating the required minimum balance of 27200.00 IDR.
request_173,0.0,not_affordable,not_recommended,none,,none,The requested payment is currently not affordable within the 90-day forecast period without violating the required minimum balance of 79100.00 IDR.
request_174,1146.2,not_affordable,not_recommended,none,2026-04-04,none,The requested payment is currently not affordable within the 90-day forecast period without violating the required minimum balance of 700.00 IDR.
request_175,2346.3,affordable_now,full_payment,2024-09-06:2346.30,2024-09-06,none,The request is fully affordable immediately. Paying the lump sum of 2346.30 IDR leaves the available balance comfortably above the required minimum threshold of 1700.00 IDR.
request_176,367.0,not_affordable,not_recommended,none,,none,The requested payment is currently not affordable within the 90-day forecast period without violating the required minimum balance of 600.00 IDR.
request_177,1017.6,affordable_now,full_payment,2026-01-05:1017.60,2026-01-05,none,The request is fully affordable immediately. Paying the lump sum of 1017.60 IDR leaves the available balance comfortably above the required minimum threshold of 1300.00 IDR.
request_178,2938.1,not_affordable,not_recommended,none,2024-12-07,none,The requested payment is currently not affordable within the 90-day forecast period without violating the required minimum balance of 1400.00 IDR.
request_179,24089983.34,affordable_later,wait,2025-06-15:41648000,2025-06-15,none,Paying the full requested amount of 41648000.00 IDR today is not safe. It is highly recommended to wait until 2025-06-15 when incoming cash flows restore the balance safely above the required minimum of 41430800.00 IDR.
request_180,66500.0,affordable_now,full_payment,2026-07-06:66500,2026-07-06,none,The request is fully affordable immediately. Paying the lump sum of 66500.00 IDR leaves the available balance comfortably above the required minimum threshold of 37300.00 IDR.
request_181,535.38,not_affordable,not_recommended,none,,none,The requested payment is currently not affordable within the 90-day forecast period without violating the required minimum balance of 2000.00 IDR.
request_182,65714.0,affordable_now,full_payment,2025-08-05:65714,2025-08-05,none,The request is fully affordable immediately. Paying the lump sum of 65714.00 IDR leaves the available balance comfortably above the required minimum threshold of 31100.00 IDR.
request_183,0.0,not_affordable,not_recommended,none,,none,The requested payment is currently not affordable within the 90-day forecast period without violating the required minimum balance of 11878300.00 IDR.
request_184,0.0,not_affordable,not_recommended,none,,none,The requested payment is currently not affordable within the 90-day forecast period without violating the required minimum balance of 110800.00 IDR.
request_185,405.1,affordable_later,wait,2026-01-15:1257.30,2026-01-15,none,Paying the full requested amount of 1257.30 IDR today is not safe. It is highly recommended to wait until 2026-01-15 when incoming cash flows restore the balance safely above the required minimum of 1300.00 IDR.
request_186,14267.62,affordable_later,wait,2026-02-15:26554,2026-02-15,none,Paying the full requested amount of 26554.00 IDR today is not safe. It is highly recommended to wait until 2026-02-15 when incoming cash flows restore the balance safely above the required minimum of 22000.00 IDR.
request_187,37844.36,affordable_later,wait,2024-09-15:187500,2024-09-15,none,Paying the full requested amount of 187500.00 IDR today is not safe. It is highly recommended to wait until 2024-09-15 when incoming cash flows restore the balance safely above the required minimum of 128300.00 IDR.
request_188,182.94,not_affordable,not_recommended,none,,none,The requested payment is currently not affordable within the 90-day forecast period without violating the required minimum balance of 900.00 IDR.
request_189,488.4,affordable_now,full_payment,2026-07-04:488.40,2026-07-04,none,The request is fully affordable immediately. Paying the lump sum of 488.40 IDR leaves the available balance comfortably above the required minimum threshold of 400.00 IDR.
request_190,622.2,affordable_later,wait,2025-02-15:2557.50,2025-02-15,none,Paying the full requested amount of 2557.50 IDR today is not safe. It is highly recommended to wait until 2025-02-15 when incoming cash flows restore the balance safely above the required minimum of 1600.00 IDR.
request_191,664.4,affordable_now,full_payment,2025-05-03:664.40,2025-05-03,none,The request is fully affordable immediately. Paying the lump sum of 664.40 IDR leaves the available balance comfortably above the required minimum threshold of 500.00 IDR.
request_192,239.4,not_affordable,not_recommended,none,,none,The requested payment is currently not affordable within the 90-day forecast period without violating the required minimum balance of 1000.00 IDR.
request_193,65.84,not_affordable,not_recommended,none,2024-03-15,none,The requested payment is currently not affordable within the 90-day forecast period without violating the required minimum balance of 1000.00 IDR.
request_194,39008.33,affordable_later,wait,2025-10-15:132800,2025-10-15,none,Paying the full requested amount of 132800.00 IDR today is not safe. It is highly recommended to wait until 2025-10-15 when incoming cash flows restore the balance safely above the required minimum of 113600.00 IDR.
request_195,965.95,not_affordable,not_recommended,none,2026-02-15,none,The requested payment is currently not affordable within the 90-day forecast period without violating the required minimum balance of 700.00 IDR.
request_196,762.3,affordable_now,full_payment,2024-06-03:762.30,2024-06-03,none,The request is fully affordable immediately. Paying the lump sum of 762.30 IDR leaves the available balance comfortably above the required minimum threshold of 500.00 IDR.
request_197,1885505.11,not_affordable,not_recommended,none,,none,The requested payment is currently not affordable within the 90-day forecast period without violating the required minimum balance of 26245900.00 IDR.
request_198,185800.0,affordable_now,full_payment,2026-07-07:185800,2026-07-07,none,The request is fully affordable immediately. Paying the lump sum of 185800.00 IDR leaves the available balance comfortably above the required minimum threshold of 124300.00 IDR.
request_199,23674000.0,not_affordable,not_recommended,none,2024-09-04,none,The requested payment is currently not affordable within the 90-day forecast period without violating the required minimum balance of 25359500.00 IDR.
request_200,21717000.0,affordable_now,full_payment,2025-02-06:21717000,2025-02-06,none,The request is fully affordable immediately. Paying the lump sum of 21717000.00 IDR leaves the available balance comfortably above the required minimum threshold of 20114600.00 IDR.
request_201,23997000.0,affordable_now,full_payment,2026-04-03:23997000,2026-04-03,none,The request is fully affordable immediately. Paying the lump sum of 23997000.00 IDR leaves the available balance comfortably above the required minimum threshold of 17304500.00 IDR.
request_202,123900.0,affordable_now,full_payment,2024-12-05:123900,2024-12-05,none,The request is fully affordable immediately. Paying the lump sum of 123900.00 IDR leaves the available balance comfortably above the required minimum threshold of 147800.00 IDR.
request_203,1442.1,not_affordable,not_recommended,none,2025-05-07,none,The requested payment is currently not affordable within the 90-day forecast period without violating the required minimum balance of 1400.00 IDR.
request_204,588.74,affordable_now,full_payment,2026-01-04:588.74,2026-01-04,none,The request is fully affordable immediately. Paying the lump sum of 588.74 IDR leaves the available balance comfortably above the required minimum threshold of 1300.00 IDR.
request_205,10621000.0,affordable_now,full_payment,2024-03-06:10621000,2024-03-06,none,The request is fully affordable immediately. Paying the lump sum of 10621000.00 IDR leaves the available balance comfortably above the required minimum threshold of 13994300.00 IDR.
request_206,1404.7,not_affordable,not_recommended,none,2025-08-03,none,The requested payment is currently not affordable within the 90-day forecast period without violating the required minimum balance of 900.00 IDR.
request_207,6969.75,affordable_later,wait,2026-07-15:11830,2026-07-15,none,Paying the full requested amount of 11830.00 IDR today is not safe. It is highly recommended to wait until 2026-07-15 when incoming cash flows restore the balance safely above the required minimum of 13600.00 IDR.
request_208,3040801.67,affordable_later,wait,2024-06-15:4413000,2024-06-15,none,Paying the full requested amount of 4413000.00 IDR today is not safe. It is highly recommended to wait until 2024-06-15 when incoming cash flows restore the balance safely above the required minimum of 10470700.00 IDR.
request_209,1660.18,not_affordable,not_recommended,none,,none,The requested payment is currently not affordable within the 90-day forecast period without violating the required minimum balance of 18400.00 IDR.
request_210,1147.09,not_affordable,not_recommended,none,2026-04-15,none,The requested payment is currently not affordable within the 90-day forecast period without violating the required minimum balance of 2000.00 IDR.
request_211,413.66,affordable_later,wait,2024-09-15:1788.60,2024-09-15,none,Paying the full requested amount of 1788.60 IDR today is not safe. It is highly recommended to wait until 2024-09-15 when incoming cash flows restore the balance safely above the required minimum of 1500.00 IDR.
request_212,7859754.86,not_affordable,not_recommended,none,,none,The requested payment is currently not affordable within the 90-day forecast period without violating the required minimum balance of 29579800.00 IDR.
request_213,3362.4,not_affordable,not_recommended,none,2026-01-07,none,The requested payment is currently not affordable within the 90-day forecast period without violating the required minimum balance of 2100.00 IDR.
request_214,0.0,not_affordable,not_recommended,none,,none,The requested payment is currently not affordable within the 90-day forecast period without violating the required minimum balance of 174900.00 IDR.
request_215,29986.0,not_affordable,not_recommended,none,2025-05-06,none,The requested payment is currently not affordable within the 90-day forecast period without violating the required minimum balance of 15700.00 IDR.
request_216,483.08,affordable_later,wait,2026-07-15:3332.40,2026-07-15,none,Paying the full requested amount of 3332.40 IDR today is not safe. It is highly recommended to wait until 2026-07-15 when incoming cash flows restore the balance safely above the required minimum of 1800.00 IDR.
request_217,19583.38,not_affordable,not_recommended,none,2024-05-15,none,The requested payment is currently not affordable within the 90-day forecast period without violating the required minimum balance of 26800.00 IDR.
request_218,25992300.5,not_affordable,not_recommended,none,2025-09-15,none,The requested payment is currently not affordable within the 90-day forecast period without violating the required minimum balance of 34477200.00 IDR.
request_219,1361.27,not_affordable,not_recommended,none,2026-04-15,none,The requested payment is currently not affordable within the 90-day forecast period without violating the required minimum balance of 1100.00 IDR.
request_220,72.34,not_affordable,not_recommended,none,2024-07-15,none,The requested payment is currently not affordable within the 90-day forecast period without violating the required minimum balance of 1100.00 IDR.
request_221,109800.0,affordable_now,full_payment,2025-11-03:109800,2025-11-03,none,The request is fully affordable immediately. Paying the lump sum of 109800.00 IDR leaves the available balance comfortably above the required minimum threshold of 81500.00 IDR.
request_222,34078.0,affordable_now,full_payment,2026-01-05:34078,2026-01-05,none,The request is fully affordable immediately. Paying the lump sum of 34078.00 IDR leaves the available balance comfortably above the required minimum threshold of 27300.00 IDR.
request_223,898.7,affordable_now,full_payment,2024-09-07:898.70,2024-09-07,none,The request is fully affordable immediately. Paying the lump sum of 898.70 IDR leaves the available balance comfortably above the required minimum threshold of 800.00 IDR.
request_224,10327000.0,not_affordable,not_recommended,none,2025-02-04,none,The requested payment is currently not affordable within the 90-day forecast period without violating the required minimum balance of 22187600.00 IDR.
request_225,10884554.37,not_affordable,not_recommended,none,2026-09-15,none,The requested payment is currently not affordable within the 90-day forecast period without violating the required minimum balance of 17670700.00 IDR.
request_226,157000.0,affordable_now,full_payment,2024-12-03:157000,2024-12-03,none,The request is fully affordable immediately. Paying the lump sum of 157000.00 IDR leaves the available balance comfortably above the required minimum threshold of 209400.00 IDR.
request_227,17817.08,not_affordable,not_recommended,none,,none,The requested payment is currently not affordable within the 90-day forecast period without violating the required minimum balance of 62900.00 IDR.
request_228,4587960.75,not_affordable,not_recommended,none,,none,The requested payment is currently not affordable within the 90-day forecast period without violating the required minimum balance of 26191200.00 IDR.
request_229,620.66,not_affordable,not_recommended,none,2024-05-15,none,The requested payment is currently not affordable within the 90-day forecast period without violating the required minimum balance of 1000.00 IDR.
request_230,3537.6,affordable_now,full_payment,2025-08-06:3537.60,2025-08-06,none,The request is fully affordable immediately. Paying the lump sum of 3537.60 IDR leaves the available balance comfortably above the required minimum threshold of 2000.00 IDR.
request_231,30522.89,not_affordable,not_recommended,none,2026-03-15,none,The requested payment is currently not affordable within the 90-day forecast period without violating the required minimum balance of 24300.00 IDR.
request_232,848.37,affordable_later,wait,2024-06-15:1970.10,2024-06-15,none,Paying the full requested amount of 1970.10 IDR today is not safe. It is highly recommended to wait until 2024-06-15 when incoming cash flows restore the balance safely above the required minimum of 2400.00 IDR.
request_233,0.0,not_affordable,not_recommended,none,,none,The requested payment is currently not affordable within the 90-day forecast period without violating the required minimum balance of 10365700.00 IDR.
request_234,269.18,affordable_later,wait,2026-09-15:1213.30,2026-09-15,none,Paying the full requested amount of 1213.30 IDR today is not safe. It is highly recommended to wait until 2026-09-15 when incoming cash flows restore the balance safely above the required minimum of 700.00 IDR.
request_235,967.2,affordable_now,full_payment,2024-09-06:967.20,2024-09-06,none,The request is fully affordable immediately. Paying the lump sum of 967.20 IDR leaves the available balance comfortably above the required minimum threshold of 700.00 IDR.
request_236,5830002.66,not_affordable,not_recommended,none,,none,The requested payment is currently not affordable within the 90-day forecast period without violating the required minimum balance of 16768600.00 IDR.
request_237,23826000.0,affordable_now,full_payment,2026-04-05:23826000,2026-04-05,none,The request is fully affordable immediately. Paying the lump sum of 23826000.00 IDR leaves the available balance comfortably above the required minimum threshold of 22431500.00 IDR.
request_238,663.6,not_affordable,not_recommended,none,2024-12-07,none,The requested payment is currently not affordable within the 90-day forecast period without violating the required minimum balance of 700.00 IDR.
request_239,642.0,affordable_now,full_payment,2025-05-04:642,2025-05-04,none,The request is fully affordable immediately. Paying the lump sum of 642.00 IDR leaves the available balance comfortably above the required minimum threshold of 600.00 IDR.
request_240,13746.66,not_affordable,not_recommended,none,2026-03-15,none,The requested payment is currently not affordable within the 90-day forecast period without violating the required minimum balance of 52800.00 IDR.
request_241,21052000.0,not_affordable,not_recommended,none,2024-03-03,none,The requested payment is currently not affordable within the 90-day forecast period without violating the required minimum balance of 19252000.00 IDR.
request_242,0.0,not_affordable,not_recommended,none,,none,The requested payment is currently not affordable within the 90-day forecast period without violating the required minimum balance of 600.00 IDR.
request_243,17468.0,affordable_now,full_payment,2026-07-07:17468,2026-07-07,none,The request is fully affordable immediately. Paying the lump sum of 17468.00 IDR leaves the available balance comfortably above the required minimum threshold of 19900.00 IDR.
request_244,49918.0,affordable_now,full_payment,2024-06-04:49918,2024-06-04,none,The request is fully affordable immediately. Paying the lump sum of 49918.00 IDR leaves the available balance comfortably above the required minimum threshold of 45900.00 IDR.
request_245,0.0,not_affordable,not_recommended,none,,none,The requested payment is currently not affordable within the 90-day forecast period without violating the required minimum balance of 94600.00 IDR.
request_246,64086.0,not_affordable,not_recommended,none,2026-04-03,none,The requested payment is currently not affordable within the 90-day forecast period without violating the required minimum balance of 39300.00 IDR.
request_247,1059.3,affordable_now,full_payment,2024-09-05:1059.30,2024-09-05,none,The request is fully affordable immediately. Paying the lump sum of 1059.30 IDR leaves the available balance comfortably above the required minimum threshold of 1300.00 IDR.
request_248,937.87,not_affordable,not_recommended,none,2025-04-15,none,The requested payment is currently not affordable within the 90-day forecast period without violating the required minimum balance of 1300.00 IDR.
request_249,161.39,affordable_later,wait,2026-03-15:643.20,2026-03-15,none,Paying the full requested amount of 643.20 IDR today is not safe. It is highly recommended to wait until 2026-03-15 when incoming cash flows restore the balance safely above the required minimum of 600.00 IDR.
request_250,15440.17,not_affordable,not_recommended,none,2025-02-15,none,The requested payment is currently not affordable within the 90-day forecast period without violating the required minimum balance of 35300.00 IDR.
request_251,765.62,not_affordable,not_recommended,none,,none,The requested payment is currently not affordable within the 90-day forecast period without violating the required minimum balance of 1300.00 IDR.
request_252,4909320.51,affordable_later,wait,2026-09-15:28082000,2026-09-15,none,Paying the full requested amount of 28082000.00 IDR today is not safe. It is highly recommended to wait until 2026-09-15 when incoming cash flows restore the balance safely above the required minimum of 15152200.00 IDR.
request_253,1562.83,not_affordable,not_recommended,none,2024-05-15,none,The requested payment is currently not affordable within the 90-day forecast period without violating the required minimum balance of 2300.00 IDR.
request_254,778.21,affordable_later,wait,2025-10-15:3535.20,2025-10-15,none,Paying the full requested amount of 3535.20 IDR today is not safe. It is highly recommended to wait until 2025-10-15 when incoming cash flows restore the balance safely above the required minimum of 2500.00 IDR.
request_255,3345000.0,affordable_now,full_payment,2026-04-06:3345000,2026-04-06,none,The request is fully affordable immediately. Paying the lump sum of 3345000.00 IDR leaves the available balance comfortably above the required minimum threshold of 9813900.00 IDR.
request_256,152799.21,not_affordable,not_recommended,none,2024-06-15,none,The requested payment is currently not affordable within the 90-day forecast period without violating the required minimum balance of 168600.00 IDR.
request_257,613.81,affordable_later,wait,2025-12-15:1352.40,2025-12-15,none,Paying the full requested amount of 1352.40 IDR today is not safe. It is highly recommended to wait until 2025-12-15 when incoming cash flows restore the balance safely above the required minimum of 1600.00 IDR.
request_258,1113.6,affordable_now,full_payment,2026-01-07:1113.60,2026-01-07,none,The request is fully affordable immediately. Paying the lump sum of 1113.60 IDR leaves the available balance comfortably above the required minimum threshold of 500.00 IDR.
request_259,535.91,affordable_later,wait,2024-10-15:935,2024-10-15,none,Paying the full requested amount of 935.00 IDR today is not safe. It is highly recommended to wait until 2024-10-15 when incoming cash flows restore the balance safely above the required minimum of 600.00 IDR.
request_260,0.0,not_affordable,not_recommended,none,,none,The requested payment is currently not affordable within the 90-day forecast period without violating the required minimum balance of 20727700.00 IDR.
request_261,1830.4,affordable_now,full_payment,2026-07-03:1830.40,2026-07-03,none,The request is fully affordable immediately. Paying the lump sum of 1830.40 IDR leaves the available balance comfortably above the required minimum threshold of 1500.00 IDR.
request_262,9236000.0,affordable_now,full_payment,2024-12-05:9236000,2024-12-05,none,The request is fully affordable immediately. Paying the lump sum of 9236000.00 IDR leaves the available balance comfortably above the required minimum threshold of 31018500.00 IDR.
request_263,0.0,not_affordable,not_recommended,none,,none,The requested payment is currently not affordable within the 90-day forecast period without violating the required minimum balance of 24100.00 IDR.
request_264,34122.41,affordable_later,wait,2026-05-15:111300,2026-05-15,none,Paying the full requested amount of 111300.00 IDR today is not safe. It is highly recommended to wait until 2026-05-15 when incoming cash flows restore the balance safely above the required minimum of 59500.00 IDR.
request_265,45970.0,affordable_now,full_payment,2024-03-06:45970,2024-03-06,none,The request is fully affordable immediately. Paying the lump sum of 45970.00 IDR leaves the available balance comfortably above the required minimum threshold of 189700.00 IDR.
request_266,935.0,not_affordable,not_recommended,none,2025-08-03,none,The requested payment is currently not affordable within the 90-day forecast period without violating the required minimum balance of 900.00 IDR.
request_267,1641.71,not_affordable,not_recommended,none,2026-02-15,none,The requested payment is currently not affordable within the 90-day forecast period without violating the required minimum balance of 1500.00 IDR.
request_268,1041.49,not_affordable,not_recommended,none,2024-07-15,none,The requested payment is currently not affordable within the 90-day forecast period without violating the required minimum balance of 1400.00 IDR.
request_269,0.0,not_affordable,not_recommended,none,,none,The requested payment is currently not affordable within the 90-day forecast period without violating the required minimum balance of 23100.00 IDR.
request_270,96.77,not_affordable,not_recommended,none,2026-09-15,none,The requested payment is currently not affordable within the 90-day forecast period without violating the required minimum balance of 1400.00 IDR.
request_271,21514.33,affordable_later,wait,2024-11-15:91300,2024-11-15,none,Paying the full requested amount of 91300.00 IDR today is not safe. It is highly recommended to wait until 2024-11-15 when incoming cash flows restore the balance safely above the required minimum of 58200.00 IDR.
request_272,5989935.38,not_affordable,not_recommended,none,2025-03-15,none,The requested payment is currently not affordable within the 90-day forecast period without violating the required minimum balance of 7508600.00 IDR.
request_273,9628161.98,not_affordable,not_recommended,none,2026-04-15,none,The requested payment is currently not affordable within the 90-day forecast period without violating the required minimum balance of 18774600.00 IDR.
request_274,2295.46,not_affordable,not_recommended,none,2024-12-15,none,The requested payment is currently not affordable within the 90-day forecast period without violating the required minimum balance of 1800.00 IDR.
request_275,15884000.0,affordable_now,full_payment,2025-05-06:15884000,2025-05-06,none,The request is fully affordable immediately. Paying the lump sum of 15884000.00 IDR leaves the available balance comfortably above the required minimum threshold of 12760100.00 IDR.
